exp,inoc,sal,trait,mean,sd
lab_iso,Control,0,germ_n,20.0,
lab_iso,Control,0,seeds,25.0,
lab_iso,Control,0,root_mm,62.43,1.19
lab_iso,Control,0,shoot_mm,52.6,3.78
lab_iso,Control,0,SVI_reported,4151.3,4.68
lab_iso,IS-01,0,germ_n,19.0,
lab_iso,IS-01,0,seeds,25.0,
lab_iso,IS-01,0,root_mm,55.66,3.05
lab_iso,IS-01,0,shoot_mm,34.0,4.58
lab_iso,IS-01,0,SVI_reported,6724.5,7.63
lab_iso,IS-02,0,germ_n,15.0,
lab_iso,IS-02,0,seeds,25.0,
lab_iso,IS-02,0,root_mm,40.33,0.47
lab_iso,IS-02,0,shoot_mm,50.66,1.15
lab_iso,IS-02,0,SVI_reported,7420.0,5.5
lab_iso,IS-03,0,germ_n,17.0,
lab_iso,IS-03,0,seeds,25.0,
lab_iso,IS-03,0,root_mm,32.33,2.08
lab_iso,IS-03,0,shoot_mm,42.33,1.52
lab_iso,IS-03,0,SVI_reported,5226.2,0.57
lab_iso,IS-04,0,germ_n,21.0,
lab_iso,IS-04,0,seeds,25.0,
lab_iso,IS-04,0,root_mm,73.0,4.35
lab_iso,IS-04,0,shoot_mm,83.33,3.21
lab_iso,IS-04,0,SVI_reported,10511.6,3.78
lab_iso,IS-05,0,germ_n,20.0,
lab_iso,IS-05,0,seeds,25.0,
lab_iso,IS-05,0,root_mm,63.0,1.0
lab_iso,IS-05,0,shoot_mm,72.33,2.51
lab_iso,IS-05,0,SVI_reported,10826.4,3.05
lab_iso,IS-06,0,germ_n,23.0,
lab_iso,IS-06,0,seeds,25.0,
lab_iso,IS-06,0,root_mm,52.33,2.51
lab_iso,IS-06,0,shoot_mm,92.0,2.64
lab_iso,IS-06,0,SVI_reported,12989.7,1.15
lab_con,Control,0,germ_n,17.0,
lab_con,Control,0,seeds,25.0,
lab_con,Control,0,root_mm,43.5,1.09
lab_con,Control,0,shoot_mm,33.78,2.3
lab_con,Control,0,SVI_reported,5161.6,4.87
lab_con,C1-3,0,germ_n,14.0,
lab_con,C1-3,0,seeds,25.0,
lab_con,C1-3,0,root_mm,70.0,0.0
lab_con,C1-3,0,shoot_mm,44.0,3.6
lab_con,C1-3,0,SVI_reported,6270.0,3.6
lab_con,C1-5,0,germ_n,15.0,
lab_con,C1-5,0,seeds,25.0,
lab_con,C1-5,0,root_mm,63.66,1.52
lab_con,C1-5,0,shoot_mm,51.66,2.88
lab_con,C1-5,0,SVI_reported,4036.5,1.52
lab_con,C2-3,0,germ_n,17.0,
lab_con,C2-3,0,seeds,25.0,
lab_con,C2-3,0,root_mm,41.66,2.08
lab_con,C2-3,0,shoot_mm,33.33,3.21
lab_con,C2-3,0,SVI_reported,3750.0,2.0
lab_con,C2-5,0,germ_n,21.0,
lab_con,C2-5,0,seeds,25.0,
lab_con,C2-5,0,root_mm,83.66,2.3
lab_con,C2-5,0,shoot_mm,61.0,1.73
lab_con,C2-5,0,SVI_reported,10680.0,58.02
lab_con,C4-5,0,germ_n,20.0,
lab_con,C4-5,0,seeds,25.0,
lab_con,C4-5,0,root_mm,90.66,0.57
lab_con,C4-5,0,shoot_mm,68.33,2.08
lab_con,C4-5,0,SVI_reported,11925.0,1.73
iso,Control,0,germ_n,25.0,
iso,Control,0,seeds,30.0,
iso,Control,0,root_cm,4.3,0.1
iso,Control,0,shoot_cm,22.96,0.15
iso,Control,0,SVI_reported,1131.2,9.33
iso,IS-01,0,germ_n,26.0,
iso,IS-01,0,seeds,30.0,
iso,IS-01,0,root_cm,5.4,0.17
iso,IS-01,0,shoot_cm,26.03,0.05
iso,IS-01,0,SVI_reported,1367.2,14.5
iso,IS-02,0,germ_n,21.0,
iso,IS-02,0,seeds,30.0,
iso,IS-02,0,root_cm,5.0,0.1
iso,IS-02,0,shoot_cm,23.9,0.1
iso,IS-02,0,SVI_reported,1011.0,13.3
iso,IS-03,0,germ_n,24.0,
iso,IS-03,0,seeds,30.0,
iso,IS-03,0,root_cm,2.43,0.08
iso,IS-03,0,shoot_cm,22.06,0.11
iso,IS-03,0,SVI_reported,979.6,13.8
iso,IS-04,0,germ_n,27.0,
iso,IS-04,0,seeds,30.0,
iso,IS-04,0,root_cm,4.8,0.0
iso,IS-04,0,shoot_cm,23.46,0.05
iso,IS-04,0,SVI_reported,1271.7,13.1
iso,IS-05,0,germ_n,26.0,
iso,IS-05,0,seeds,30.0,
iso,IS-05,0,root_cm,6.44,0.05
iso,IS-05,0,shoot_cm,26.96,0.05
iso,IS-05,0,SVI_reported,1215.1,13.1
iso,IS-06,0,germ_n,28.0,
iso,IS-06,0,seeds,30.0,
iso,IS-06,0,root_cm,6.01,0.01
iso,IS-06,0,shoot_cm,25.5,0.0
iso,IS-06,0,SVI_reported,1553.1,14.5
iso,Control,50,germ_n,24.0,
iso,Control,50,seeds,30.0,
iso,Control,50,root_cm,4.06,0.06
iso,Control,50,shoot_cm,21.04,0.36
iso,Control,50,SVI_reported,1260.0,13.7
iso,IS-01,50,germ_n,23.0,
iso,IS-01,50,seeds,30.0,
iso,IS-01,50,root_cm,5.03,0.03
iso,IS-01,50,shoot_cm,24.09,0.1
iso,IS-01,50,SVI_reported,966.35,12.0
iso,IS-02,50,germ_n,24.0,
iso,IS-02,50,seeds,30.0,
iso,IS-02,50,root_cm,4.47,0.06
iso,IS-02,50,shoot_cm,23.04,0.06
iso,IS-02,50,SVI_reported,1164.8,13.4
iso,IS-03,50,germ_n,22.0,
iso,IS-03,50,seeds,30.0,
iso,IS-03,50,root_cm,4.16,0.04
iso,IS-03,50,shoot_cm,22.61,0.52
iso,IS-03,50,SVI_reported,1003.7,13.1
iso,IS-04,50,germ_n,26.0,
iso,IS-04,50,seeds,30.0,
iso,IS-04,50,root_cm,4.78,0.02
iso,IS-04,50,shoot_cm,23.4,0.17
iso,IS-04,50,SVI_reported,1164.0,13.0
iso,IS-05,50,germ_n,25.0,
iso,IS-05,50,seeds,30.0,
iso,IS-05,50,root_cm,6.06,0.09
iso,IS-05,50,shoot_cm,26.13,0.15
iso,IS-05,50,SVI_reported,1169.4,13.1
iso,IS-06,50,germ_n,27.0,
iso,IS-06,50,seeds,30.0,
iso,IS-06,50,root_cm,5.52,0.04
iso,IS-06,50,shoot_cm,25.05,0.06
iso,IS-06,50,SVI_reported,1448.1,14.1
iso,Control,100,germ_n,20.0,
iso,Control,100,seeds,30.0,
iso,Control,100,root_cm,3.61,0.1
iso,Control,100,shoot_cm,19.0,0.01
iso,Control,100,SVI_reported,745.8,10.8
iso,IS-01,100,germ_n,21.0,
iso,IS-01,100,seeds,30.0,
iso,IS-01,100,root_cm,2.52,0.02
iso,IS-01,100,shoot_cm,18.0,0.05
iso,IS-01,100,SVI_reported,718.2,10.9
iso,IS-02,100,germ_n,19.0,
iso,IS-02,100,seeds,30.0,
iso,IS-02,100,root_cm,3.09,0.08
iso,IS-02,100,shoot_cm,17.01,0.04
iso,IS-02,100,SVI_reported,633.15,9.84
iso,IS-03,100,germ_n,20.0,
iso,IS-03,100,seeds,30.0,
iso,IS-03,100,root_cm,3.48,0.04
iso,IS-03,100,shoot_cm,23.0,0.02
iso,IS-03,100,SVI_reported,887.08,13.8
iso,IS-04,100,germ_n,22.0,
iso,IS-04,100,seeds,30.0,
iso,IS-04,100,root_cm,4.03,0.06
iso,IS-04,100,shoot_cm,19.33,0.57
iso,IS-04,100,SVI_reported,852.64,10.8
iso,IS-05,100,germ_n,20.0,
iso,IS-05,100,seeds,30.0,
iso,IS-05,100,root_cm,1.08,0.08
iso,IS-05,100,shoot_cm,22.04,0.04
iso,IS-05,100,SVI_reported,774.52,14.8
iso,IS-06,100,germ_n,23.0,
iso,IS-06,100,seeds,30.0,
iso,IS-06,100,root_cm,4.5,0.01
iso,IS-06,100,shoot_cm,23.04,0.03
iso,IS-06,100,SVI_reported,1060.2,13.1
iso,Control,150,germ_n,18.0,
iso,Control,150,seeds,30.0,
iso,Control,150,root_cm,2.06,0.05
iso,Control,150,shoot_cm,13.96,0.05
iso,Control,150,SVI_reported,480.6,8.41
iso,IS-01,150,germ_n,20.0,
iso,IS-01,150,seeds,30.0,
iso,IS-01,150,root_cm,3.02,0.03
iso,IS-01,150,shoot_cm,18.05,0.04
iso,IS-01,150,SVI_reported,695.31,10.6
iso,IS-02,150,germ_n,17.0,
iso,IS-02,150,seeds,30.0,
iso,IS-02,150,root_cm,4.02,0.03
iso,IS-02,150,shoot_cm,15.04,0.05
iso,IS-02,150,SVI_reported,543.21,7.79
iso,IS-03,150,germ_n,16.0,
iso,IS-03,150,seeds,30.0,
iso,IS-03,150,root_cm,3.48,0.04
iso,IS-03,150,shoot_cm,23.0,0.02
iso,IS-03,150,SVI_reported,701.72,13.8
iso,IS-04,150,germ_n,19.0,
iso,IS-04,150,seeds,30.0,
iso,IS-04,150,root_cm,2.99,0.09
iso,IS-04,150,shoot_cm,24.9,0.1
iso,IS-04,150,SVI_reported,878.53,15.4
iso,IS-05,150,germ_n,21.0,
iso,IS-05,150,seeds,30.0,
iso,IS-05,150,root_cm,5.03,0.03
iso,IS-05,150,shoot_cm,23.68,0.59
iso,IS-05,150,SVI_reported,1004.8,13.1
iso,IS-06,150,germ_n,21.0,
iso,IS-06,150,seeds,30.0,
iso,IS-06,150,root_cm,5.02,0.02
iso,IS-06,150,shoot_cm,28.19,0.26
iso,IS-06,150,SVI_reported,1328.4,18.3
con,Control,0,germ_n,25.0,
con,Control,0,seeds,30.0,
con,Control,0,root_cm,4.3,0.1
con,Control,0,shoot_cm,22.9,0.15
con,Control,0,SVI_reported,1131.2,9.33
con,C1-3,0,germ_n,20.0,
con,C1-3,0,seeds,30.0,
con,C1-3,0,root_cm,2.33,0.11
con,C1-3,0,shoot_cm,18.8,0.28
con,C1-3,0,SVI_reported,707.8,11.64
con,C1-5,0,germ_n,26.0,
con,C1-5,0,seeds,30.0,
con,C1-5,0,root_cm,2.3,0.2
con,C1-5,0,shoot_cm,16.5,0.5
con,C1-5,0,SVI_reported,817.8,10.04
con,C2-3,0,germ_n,25.0,
con,C2-3,0,seeds,30.0,
con,C2-3,0,root_cm,1.93,0.11
con,C2-3,0,shoot_cm,14.9,0.6
con,C2-3,0,SVI_reported,698.4,9.17
con,C2-5,0,germ_n,23.0,
con,C2-5,0,seeds,30.0,
con,C2-5,0,root_cm,2.23,0.23
con,C2-5,0,shoot_cm,16.6,0.41
con,C2-5,0,SVI_reported,724.9,10.16
con,C4-5,0,germ_n,27.0,
con,C4-5,0,seeds,30.0,
con,C4-5,0,root_cm,3.23,0.25
con,C4-5,0,shoot_cm,18.4,0.52
con,C4-5,0,SVI_reported,973.3,10.72
con,Control,50,germ_n,24.0,
con,Control,50,seeds,30.0,
con,Control,50,root_cm,4.06,0.06
con,Control,50,shoot_cm,21.0,0.36
con,Control,50,SVI_reported,1260.0,13.7
con,C1-3,50,germ_n,22.0,
con,C1-3,50,seeds,30.0,
con,C1-3,50,root_cm,3.52,0.02
con,C1-3,50,shoot_cm,22.0,11.4
con,C1-3,50,SVI_reported,931.4,13.06
con,C1-5,50,germ_n,24.0,
con,C1-5,50,seeds,30.0,
con,C1-5,50,root_cm,2.42,0.11
con,C1-5,50,shoot_cm,24.0,0.01
con,C1-5,50,SVI_reported,1056.8,15.2
con,C2-3,50,germ_n,26.0,
con,C2-3,50,seeds,30.0,
con,C2-3,50,root_cm,4.03,0.04
con,C2-3,50,shoot_cm,21.0,10.9
con,C2-3,50,SVI_reported,1088.8,11.9
con,C2-5,50,germ_n,25.0,
con,C2-5,50,seeds,30.0,
con,C2-5,50,root_cm,2.8,0.1
con,C2-5,50,shoot_cm,20.3,0.59
con,C2-5,50,SVI_reported,958.65,12.3
con,C4-5,50,germ_n,28.0,
con,C4-5,50,seeds,30.0,
con,C4-5,50,root_cm,5.44,0.12
con,C4-5,50,shoot_cm,25.0,13.0
con,C4-5,50,SVI_reported,1415.4,13.8
con,Control,100,germ_n,20.0,
con,Control,100,seeds,30.0,
con,Control,100,root_cm,3.61,0.1
con,Control,100,shoot_cm,19.0,0.01
con,Control,100,SVI_reported,745.8,10.8
con,C1-3,100,germ_n,21.0,
con,C1-3,100,seeds,30.0,
con,C1-3,100,root_cm,3.03,0.03
con,C1-3,100,shoot_cm,20.2,10.2
con,C1-3,100,SVI_reported,813.05,12.1
con,C1-5,100,germ_n,20.0,
con,C1-5,100,seeds,30.0,
con,C1-5,100,root_cm,3.07,0.74
con,C1-5,100,shoot_cm,22.0,11.4
con,C1-5,100,SVI_reported,839.84,13.3
con,C2-3,100,germ_n,23.0,
con,C2-3,100,seeds,30.0,
con,C2-3,100,root_cm,2.5,0.0
con,C2-3,100,shoot_cm,16.53,8.8
con,C2-3,100,SVI_reported,732.6,9.92
con,C2-5,100,germ_n,22.0,
con,C2-5,100,seeds,30.0,
con,C2-5,100,root_cm,3.4,0.1
con,C2-5,100,shoot_cm,23.3,11.9
con,C2-5,100,SVI_reported,974.55,14.0
con,C4-5,100,germ_n,24.0,
con,C4-5,100,seeds,30.0,
con,C4-5,100,root_cm,4.04,0.03
con,C4-5,100,shoot_cm,23.9,0.05
con,C4-5,100,SVI_reported,638.4,8.37
con,Control,150,germ_n,18.0,
con,Control,150,seeds,30.0,
con,Control,150,root_cm,2.06,0.05
con,Control,150,shoot_cm,13.9,0.05
con,Control,150,SVI_reported,480.6,8.41
con,C1-3,150,germ_n,20.0,
con,C1-3,150,seeds,30.0,
con,C1-3,150,root_cm,3.52,0.03
con,C1-3,150,shoot_cm,19.8,10.3
con,C1-3,150,SVI_reported,781.22,11.5
con,C1-5,150,germ_n,17.0,
con,C1-5,150,seeds,30.0,
con,C1-5,150,root_cm,2.03,0.04
con,C1-5,150,shoot_cm,23.1,12.0
con,C1-5,150,SVI_reported,716.2,14.8
con,C2-3,150,germ_n,15.0,
con,C2-3,150,seeds,30.0,
con,C2-3,150,root_cm,3.83,0.03
con,C2-3,150,shoot_cm,15.9,8.27
con,C2-3,150,SVI_reported,493.25,8.53
con,C2-5,150,germ_n,21.0,
con,C2-5,150,seeds,30.0,
con,C2-5,150,root_cm,4.04,0.04
con,C2-5,150,shoot_cm,21.0,10.7
con,C2-5,150,SVI_reported,876.4,11.99
con,C4-5,150,germ_n,23.0,
con,C4-5,150,seeds,30.0,
con,C4-5,150,root_cm,4.3,0.15
con,C4-5,150,shoot_cm,25.0,0.01
con,C4-5,150,SVI_reported,1128.0,14.6
iso,Control,0,chla,32.0,0.03
iso,Control,0,chlb,35.5,0.51
iso,Control,0,totchl_reported,33.7,2.53
iso,Control,0,car,0.14,
iso,IS-01,0,chla,20.1,0.26
iso,IS-01,0,chlb,18.6,0.57
iso,IS-01,0,totchl_reported,19.3,1.05
iso,IS-01,0,car,0.037,
iso,IS-02,0,chla,11.5,0.25
iso,IS-02,0,chlb,10.0,0.15
iso,IS-02,0,totchl_reported,11.1,0.49
iso,IS-02,0,car,0.123,
iso,IS-03,0,chla,15.0,0.19
iso,IS-03,0,chlb,10.5,0.33
iso,IS-03,0,totchl_reported,14.2,0.99
iso,IS-03,0,car,0.014,
iso,IS-04,0,chla,16.5,0.24
iso,IS-04,0,chlb,14.6,0.26
iso,IS-04,0,totchl_reported,15.5,1.3
iso,IS-04,0,car,0.047,
iso,IS-05,0,chla,19.2,0.42
iso,IS-05,0,chlb,16.5,0.1
iso,IS-05,0,totchl_reported,17.8,1.86
iso,IS-05,0,car,0.034,
iso,IS-06,0,chla,30.2,0.25
iso,IS-06,0,chlb,29.1,0.18
iso,IS-06,0,totchl_reported,29.6,0.7
iso,IS-06,0,car,0.163,
iso,Control,50,chla,10.0,0.1
iso,Control,50,chlb,8.6,0.24
iso,Control,50,totchl_reported,9.3,2.71
iso,Control,50,car,0.018,
iso,IS-01,50,chla,19.6,0.32
iso,IS-01,50,chlb,15.7,0.11
iso,IS-01,50,totchl_reported,17.6,2.71
iso,IS-01,50,car,0.013,
iso,IS-02,50,chla,11.0,0.07
iso,IS-02,50,chlb,10.0,0.12
iso,IS-02,50,totchl_reported,10.5,0.7
iso,IS-02,50,car,0.015,
iso,IS-03,50,chla,13.5,0.12
iso,IS-03,50,chlb,12.1,0.13
iso,IS-03,50,totchl_reported,12.8,0.98
iso,IS-03,50,car,0.074,
iso,IS-04,50,chla,15.3,0.48
iso,IS-04,50,chlb,13.2,0.14
iso,IS-04,50,totchl_reported,14.2,1.46
iso,IS-04,50,car,0.037,
iso,IS-05,50,chla,19.6,0.26
iso,IS-05,50,chlb,16.4,0.4
iso,IS-05,50,totchl_reported,18.0,2.23
iso,IS-05,50,car,0.046,
iso,IS-06,50,chla,28.8,0.07
iso,IS-06,50,chlb,26.6,0.13
iso,IS-06,50,totchl_reported,27.7,1.53
iso,IS-06,50,car,0.086,
iso,Control,100,chla,8.8,0.14
iso,Control,100,chlb,7.6,0.22
iso,Control,100,totchl_reported,8.2,0.81
iso,Control,100,car,0.032,
iso,IS-01,100,chla,17.0,0.05
iso,IS-01,100,chlb,12.6,0.28
iso,IS-01,100,totchl_reported,14.8,3.08
iso,IS-01,100,car,0.052,
iso,IS-02,100,chla,10.6,0.16
iso,IS-02,100,chlb,9.4,0.23
iso,IS-02,100,totchl_reported,10.0,0.84
iso,IS-02,100,car,0.044,
iso,IS-03,100,chla,11.7,0.09
iso,IS-03,100,chlb,10.4,0.1
iso,IS-03,100,totchl_reported,11.0,0.9
iso,IS-03,100,car,0.063,
iso,IS-04,100,chla,14.1,0.22
iso,IS-04,100,chlb,12.4,0.17
iso,IS-04,100,totchl_reported,13.2,1.17
iso,IS-04,100,car,0.062,
iso,IS-05,100,chla,18.3,0.33
iso,IS-05,100,chlb,13.4,0.14
iso,IS-05,100,totchl_reported,15.8,3.44
iso,IS-05,100,car,0.067,
iso,IS-06,100,chla,25.2,0.25
iso,IS-06,100,chlb,23.6,0.23
iso,IS-06,100,totchl_reported,24.4,1.09
iso,IS-06,100,car,0.077,
iso,Control,150,chla,5.5,0.33
iso,Control,150,chlb,2.4,0.21
iso,Control,150,totchl_reported,3.9,2.13
iso,Control,150,car,0.021,
iso,IS-01,150,chla,11.4,0.36
iso,IS-01,150,chlb,9.6,0.27
iso,IS-01,150,totchl_reported,10.5,1.25
iso,IS-01,150,car,0.037,
iso,IS-02,150,chla,6.4,0.41
iso,IS-02,150,chlb,4.6,0.34
iso,IS-02,150,totchl_reported,5.5,1.25
iso,IS-02,150,car,0.024,
iso,IS-03,150,chla,10.0,0.07
iso,IS-03,150,chlb,8.5,0.19
iso,IS-03,150,totchl_reported,9.2,1.0
iso,IS-03,150,car,0.022,
iso,IS-04,150,chla,12.5,0.29
iso,IS-04,150,chlb,10.6,0.08
iso,IS-04,150,totchl_reported,11.5,1.27
iso,IS-04,150,car,0.033,
iso,IS-05,150,chla,11.6,0.33
iso,IS-05,150,chlb,10.0,0.07
iso,IS-05,150,totchl_reported,10.8,1.1
iso,IS-05,150,car,0.03,
iso,IS-06,150,chla,18.7,0.08
iso,IS-06,150,chlb,16.3,0.4
iso,IS-06,150,totchl_reported,17.5,1.68
iso,IS-06,150,car,0.041,
con,Control,0,chla,32.0,0.03
con,Control,0,chlb,35.5,0.51
con,Control,0,totchl_reported,33.7,2.53
con,Control,0,car,0.14,
con,C1-3,0,chla,7.3,0.53
con,C1-3,0,chlb,0.26,0.02
con,C1-3,0,totchl_reported,3.78,4.97
con,C1-3,0,car,0.046,
con,C1-5,0,chla,8.3,0.33
con,C1-5,0,chlb,0.57,0.01
con,C1-5,0,totchl_reported,4.43,5.46
con,C1-5,0,car,0.048,
con,C2-3,0,chla,10.5,0.16
con,C2-3,0,chlb,1.61,0.02
con,C2-3,0,totchl_reported,6.05,6.28
con,C2-3,0,car,0.053,
con,C2-5,0,chla,19.2,0.07
con,C2-5,0,chlb,3.04,0.04
con,C2-5,0,totchl_reported,11.1,11.4
con,C2-5,0,car,0.087,
con,C4-5,0,chla,22.0,0.77
con,C4-5,0,chlb,3.99,0.05
con,C4-5,0,totchl_reported,12.9,12.7
con,C4-5,0,car,0.099,
con,Control,50,chla,10.0,0.1
con,Control,50,chlb,8.6,0.24
con,Control,50,totchl_reported,9.3,2.71
con,Control,50,car,0.018,
con,C1-3,50,chla,6.3,0.02
con,C1-3,50,chlb,0.15,0.08
con,C1-3,50,totchl_reported,3.22,4.34
con,C1-3,50,car,0.005,
con,C1-5,50,chla,8.0,0.02
con,C1-5,50,chlb,0.4,0.01
con,C1-5,50,totchl_reported,4.2,5.37
con,C1-5,50,car,0.022,
con,C2-3,50,chla,9.1,0.03
con,C2-3,50,chlb,1.23,1.23
con,C2-3,50,totchl_reported,5.18,5.53
con,C2-3,50,car,0.034,
con,C2-5,50,chla,16.3,0.13
con,C2-5,50,chlb,2.4,0.02
con,C2-5,50,totchl_reported,9.36,9.8
con,C2-5,50,car,0.04,
con,C4-5,50,chla,20.6,0.08
con,C4-5,50,chlb,2.88,0.02
con,C4-5,50,totchl_reported,11.7,12.5
con,C4-5,50,car,0.057,
con,Control,100,chla,8.8,0.14
con,Control,100,chlb,7.6,0.22
con,Control,100,totchl_reported,8.2,0.81
con,Control,100,car,0.032,
con,C1-3,100,chla,5.6,0.37
con,C1-3,100,chlb,0.12,0.0
con,C1-3,100,totchl_reported,2.86,3.87
con,C1-3,100,car,0.022,
con,C1-5,100,chla,7.6,0.06
con,C1-5,100,chlb,0.19,0.0
con,C1-5,100,totchl_reported,2.89,5.23
con,C1-5,100,car,0.027,
con,C2-3,100,chla,4.7,0.12
con,C2-3,100,chlb,0.96,0.02
con,C2-3,100,totchl_reported,3.83,1.32
con,C2-3,100,car,0.035,
con,C2-5,100,chla,15.5,0.1
con,C2-5,100,chlb,1.64,0.04
con,C2-5,100,totchl_reported,8.57,9.8
con,C2-5,100,car,0.038,
con,C4-5,100,chla,17.7,0.12
con,C4-5,100,chlb,2.45,0.02
con,C4-5,100,totchl_reported,10.0,10.7
con,C4-5,100,car,0.044,
con,Control,150,chla,5.5,0.33
con,Control,150,chlb,2.4,0.21
con,Control,150,totchl_reported,3.9,2.13
con,Control,150,car,0.021,
con,C1-3,150,chla,3.42,0.26
con,C1-3,150,chlb,0.01,0.0
con,C1-3,150,totchl_reported,1.71,2.41
con,C1-3,150,car,0.01,
con,C1-5,150,chla,4.6,0.06
con,C1-5,150,chlb,0.18,0.0
con,C1-5,150,totchl_reported,2.39,3.12
con,C1-5,150,car,0.02,
con,C2-3,150,chla,2.17,0.06
con,C2-3,150,chlb,0.77,0.01
con,C2-3,150,totchl_reported,1.47,0.98
con,C2-3,150,car,0.027,
con,C2-5,150,chla,12.6,0.31
con,C2-5,150,chlb,1.5,0.13
con,C2-5,150,totchl_reported,7.05,7.84
con,C2-5,150,car,0.031,
con,C4-5,150,chla,15.6,0.14
con,C4-5,150,chlb,2.28,0.01
con,C4-5,150,totchl_reported,8.94,9.41
con,C4-5,150,car,0.056,
con,Control,0,phenol,20.56,0.15
con,C1-3,0,phenol,13.97,0.15
con,C1-5,0,phenol,15.09,0.15
con,C2-3,0,phenol,17.32,0.15
con,C2-5,0,phenol,18.44,0.15
con,C4-5,0,phenol,26.26,0.15
con,Control,50,phenol,9.5,0.15
con,C1-3,50,phenol,10.62,0.15
con,C1-5,50,phenol,11.74,0.15
con,C2-3,50,phenol,13.97,0.15
con,C2-5,50,phenol,16.21,0.15
con,C4-5,50,phenol,24.03,0.15
con,Control,100,phenol,7.27,0.15
con,C1-3,100,phenol,8.39,0.15
con,C1-5,100,phenol,9.5,0.15
con,C2-3,100,phenol,12.85,0.15
con,C2-5,100,phenol,15.09,0.15
con,C4-5,100,phenol,20.67,0.15
con,Control,150,phenol,6.15,0.15
con,C1-3,150,phenol,6.15,0.15
con,C1-5,150,phenol,7.27,0.15
con,C2-3,150,phenol,10.62,0.15
con,C2-5,150,phenol,12.85,0.15
con,C4-5,150,phenol,16.21,0.15
iso,Control,0,protein,215.15,0.15
iso,IS-01,0,protein,162.29,0.15
iso,IS-02,0,protein,176.71,0.15
iso,IS-03,0,protein,181.51,0.15
iso,IS-04,0,protein,191.12,0.15
iso,IS-05,0,protein,195.93,0.15
iso,IS-06,0,protein,205.54,0.15
iso,Control,50,protein,133.45,0.15
iso,IS-01,50,protein,147.87,0.15
iso,IS-02,50,protein,162.29,0.15
iso,IS-03,50,protein,171.9,0.15
iso,IS-04,50,protein,176.71,0.15
iso,IS-05,50,protein,181.57,0.15
iso,IS-06,50,protein,186.32,0.15
iso,Control,100,protein,104.62,0.15
iso,IS-01,100,protein,133.45,0.15
iso,IS-02,100,protein,143.06,0.15
iso,IS-03,100,protein,152.68,0.15
iso,IS-04,100,protein,157.48,0.15
iso,IS-05,100,protein,167.09,0.15
iso,IS-06,100,protein,176.71,0.15
iso,Control,150,protein,85.39,0.15
iso,IS-01,150,protein,114.23,0.15
iso,IS-02,150,protein,123.84,0.15
iso,IS-03,150,protein,128.65,0.15
iso,IS-04,150,protein,133.45,0.15
iso,IS-05,150,protein,138.26,0.15
iso,IS-06,150,protein,143.06,0.15
con,Control,0,protein,215.15,0.15
con,C1-3,0,protein,200.74,0.15
con,C1-5,0,protein,205.54,0.15
con,C2-3,0,protein,210.35,0.15
con,C2-5,0,protein,215.15,0.15
con,C4-5,0,protein,224.77,0.15
con,Control,50,protein,133.45,0.15
con,C1-3,50,protein,181.51,0.15
con,C1-5,50,protein,195.93,0.15
con,C2-3,50,protein,200.74,0.15
con,C2-5,50,protein,205.54,0.15
con,C4-5,50,protein,215.15,0.15
con,Control,100,protein,104.62,0.15
con,C1-3,100,protein,162.29,0.15
con,C1-5,100,protein,181.51,0.15
con,C2-3,100,protein,186.32,0.15
con,C2-5,100,protein,191.12,0.15
con,C4-5,100,protein,200.74,0.15
con,Control,150,protein,85.39,0.15
con,C1-3,150,protein,128.65,0.15
con,C1-5,150,protein,133.45,0.15
con,C2-3,150,protein,138.26,0.15
con,C2-5,150,protein,162.29,0.15
con,C4-5,150,protein,181.51,0.15
iso,Control,0,sugar,97.9,0.15
iso,IS-01,0,sugar,78.77,0.15
iso,IS-02,0,sugar,85.73,0.15
iso,IS-03,0,sugar,90.94,0.15
iso,IS-04,0,sugar,92.68,0.15
iso,IS-05,0,sugar,94.42,0.15
iso,IS-06,0,sugar,96.16,0.15
iso,Control,50,sugar,68.34,0.15
iso,IS-01,50,sugar,71.82,0.15
iso,IS-02,50,sugar,78.77,0.15
iso,IS-03,50,sugar,83.99,0.15
iso,IS-04,50,sugar,85.73,0.15
iso,IS-05,50,sugar,87.47,0.15
iso,IS-06,50,sugar,89.21,0.15
iso,Control,100,sugar,49.21,0.15
iso,IS-01,100,sugar,68.34,0.15
iso,IS-02,100,sugar,75.3,0.15
iso,IS-03,100,sugar,80.51,0.15
iso,IS-04,100,sugar,82.25,0.15
iso,IS-05,100,sugar,85.73,0.15
iso,IS-06,100,sugar,87.47,0.15
iso,Control,150,sugar,31.83,0.15
iso,IS-01,150,sugar,56.17,0.15
iso,IS-02,150,sugar,71.82,0.15
iso,IS-03,150,sugar,73.56,0.15
iso,IS-04,150,sugar,78.77,0.15
iso,IS-05,150,sugar,82.25,0.15
iso,IS-06,150,sugar,85.73,0.15
con,Control,0,sugar,97.9,
con,C1-3,0,sugar,94.42,
con,C1-5,0,sugar,96.16,
con,C2-3,0,sugar,97.9,
con,C2-5,0,sugar,99.64,
con,C4-5,0,sugar,101.38,
con,Control,50,sugar,68.34,
con,C1-3,50,sugar,87.47,
con,C1-5,50,sugar,90.94,
con,C2-3,50,sugar,94.42,
con,C2-5,50,sugar,96.16,
con,C4-5,50,sugar,99.64,
con,Control,100,sugar,49.21,
con,C1-3,100,sugar,75.3,
con,C1-5,100,sugar,77.03,
con,C2-3,100,sugar,78.77,
con,C2-5,100,sugar,80.51,
con,C4-5,100,sugar,82.25,
con,Control,150,sugar,31.83,
con,C1-3,150,sugar,61.39,
con,C1-5,150,sugar,63.12,
con,C2-3,150,sugar,64.86,
con,C2-5,150,sugar,66.6,
con,C4-5,150,sugar,70.08,
iso,Control,0,dpph,90.0,1.0
iso,IS-01,0,dpph,64.0,1.0
iso,IS-02,0,dpph,67.0,1.0
iso,IS-03,0,dpph,69.0,1.0
iso,IS-04,0,dpph,73.0,1.0
iso,IS-05,0,dpph,77.0,1.0
iso,IS-06,0,dpph,80.0,1.0
iso,Control,50,dpph,65.0,1.0
iso,IS-01,50,dpph,62.0,1.0
iso,IS-02,50,dpph,67.0,1.0
iso,IS-03,50,dpph,72.0,1.0
iso,IS-04,50,dpph,74.0,1.0
iso,IS-05,50,dpph,77.0,1.0
iso,IS-06,50,dpph,81.0,1.0
iso,Control,100,dpph,82.0,1.0
iso,IS-01,100,dpph,62.0,1.0
iso,IS-02,100,dpph,68.0,1.0
iso,IS-03,100,dpph,69.0,1.0
iso,IS-04,100,dpph,72.0,1.0
iso,IS-05,100,dpph,74.0,1.0
iso,IS-06,100,dpph,78.0,1.0
iso,Control,150,dpph,70.0,1.0
iso,IS-01,150,dpph,63.0,1.0
iso,IS-02,150,dpph,65.0,1.0
iso,IS-03,150,dpph,74.0,1.0
iso,IS-04,150,dpph,78.0,1.0
iso,IS-05,150,dpph,80.0,1.0
iso,IS-06,150,dpph,88.0,1.0
con,Control,0,dpph,70.6,
con,C1-3,0,dpph,62.3,
con,C1-5,0,dpph,64.4,
con,C2-3,0,dpph,63.7,
con,C2-5,0,dpph,64.9,
con,C4-5,0,dpph,66.6,
con,Control,50,dpph,64.8,
con,C1-3,50,dpph,53.8,
con,C1-5,50,dpph,64.9,
con,C2-3,50,dpph,60.1,
con,C2-5,50,dpph,71.4,
con,C4-5,50,dpph,74.8,
con,Control,100,dpph,82.0,
con,C1-3,100,dpph,36.1,
con,C1-5,100,dpph,65.5,
con,C2-3,100,dpph,71.4,
con,C2-5,100,dpph,68.1,
con,C4-5,100,dpph,72.7,
con,Control,150,dpph,69.9,
con,C1-3,150,dpph,70.9,
con,C1-5,150,dpph,76.6,
con,C2-3,150,dpph,81.0,
con,C2-5,150,dpph,82.7,
con,C4-5,150,dpph,84.6,
iso,Control,0,phenol,20.56,
iso,Control,50,phenol,9.5,
iso,Control,100,phenol,7.27,
iso,Control,150,phenol,6.15,
iso,IS-06,0,phenol,25.26,
iso,IS-06,50,phenol,24.03,
iso,IS-06,100,phenol,24.03,
iso,IS-06,150,phenol,20.67,
iso,IS-05,50,phenol,21.79,
iso,IS-05,100,phenol,16.21,
iso,IS-05,150,phenol,15.09,
iso,IS-01,0,phenol,11.74,
iso,IS-01,150,phenol,2.8,
