inoc,sal,trait,mit
IS-01,50,germ,-4.166666666666661
IS-01,100,germ,5.000000000000015
IS-01,150,germ,11.111111111111095
IS-02,50,germ,0.0
IS-02,100,germ,-4.999999999999993
IS-02,150,germ,-5.55555555555556
IS-03,50,germ,-8.33333333333334
IS-03,100,germ,0.0
IS-03,150,germ,-11.111111111111107
IS-04,50,germ,8.33333333333334
IS-04,100,germ,10.000000000000009
IS-04,150,germ,5.555555555555547
IS-05,50,germ,4.1666666666666785
IS-05,100,germ,0.0
IS-05,150,germ,16.666666666666664
IS-06,50,germ,12.5
IS-06,100,germ,15.000000000000025
IS-06,150,germ,16.666666666666664
IS-01,50,root,23.891625615763566
IS-01,100,root,-30.19390581717451
IS-01,150,root,46.60194174757281
IS-02,50,root,10.098522167487689
IS-02,100,root,-14.40443213296399
IS-02,150,root,95.14563106796113
IS-03,50,root,2.4630541871921316
IS-03,100,root,-3.601108033240994
IS-03,150,root,68.93203883495144
IS-04,50,root,17.733990147783267
IS-04,100,root,11.634349030470926
IS-04,150,root,45.145631067961176
IS-05,50,root,49.26108374384237
IS-05,100,root,-70.08310249307479
IS-05,150,root,144.1747572815534
IS-06,50,root,35.960591133004925
IS-06,100,root,24.653739612188367
IS-06,150,root,143.6893203883495
IS-01,50,shoot,14.496197718631182
IS-01,100,shoot,-5.263157894736842
IS-01,150,shoot,29.297994269340972
IS-02,50,shoot,9.505703422053232
IS-02,100,shoot,-10.473684210526308
IS-02,150,shoot,7.736389684813741
IS-03,50,shoot,7.461977186311788
IS-03,100,shoot,21.052631578947366
IS-03,150,shoot,64.756446991404
IS-04,50,shoot,11.216730038022812
IS-04,100,shoot,1.7368421052631489
IS-04,150,shoot,78.3667621776504
IS-05,50,shoot,24.192015209125476
IS-05,100,shoot,15.999999999999995
IS-05,150,shoot,69.62750716332377
IS-06,50,shoot,19.05893536121674
IS-06,100,shoot,21.263157894736835
IS-06,150,shoot,101.93409742120343
IS-01,50,svi,11.181938911022609
IS-01,100,svi,-4.705882352941167
IS-01,150,svi,46.136773477597444
IS-02,50,svi,9.601593625498007
IS-02,100,svi,-15.546218487394942
IS-02,150,svi,12.36648633652379
IS-03,50,svi,-2.234395750332
IS-03,100,svi,17.116320212295445
IS-03,150,svi,46.927451796365666
IS-04,50,svi,21.62682602921649
IS-04,100,svi,13.648827952233544
IS-04,150,svi,83.76681925371065
IS-05,50,svi,33.59063745019922
IS-05,100,svi,2.2556390977443614
IS-05,150,svi,109.08239700374534
IS-06,50,svi,37.01693227091636
IS-06,100,svi,40.07518796992485
IS-06,150,svi,141.85393258426973
IS-01,50,chla,96.00000000000001
IS-01,100,chla,93.18181818181816
IS-01,150,chla,107.27272727272728
IS-02,50,chla,10.0
IS-02,100,chla,20.454545454545443
IS-02,150,chla,16.36363636363637
IS-03,50,chla,35.0
IS-03,100,chla,32.95454545454544
IS-03,150,chla,81.81818181818183
IS-04,50,chla,53.0
IS-04,100,chla,60.227272727272705
IS-04,150,chla,127.27272727272727
IS-05,50,chla,96.00000000000001
IS-05,100,chla,107.95454545454544
IS-05,150,chla,110.9090909090909
IS-06,50,chla,188.0
IS-06,100,chla,186.36363636363632
IS-06,150,chla,240.0
IS-01,50,car,-27.777777777777775
IS-01,100,car,62.499999999999986
IS-01,150,car,76.19047619047618
IS-02,50,car,-16.666666666666664
IS-02,100,car,37.499999999999986
IS-02,150,car,14.285714285714283
IS-03,50,car,311.11111111111114
IS-03,100,car,96.875
IS-03,150,car,4.761904761904749
IS-04,50,car,105.55555555555556
IS-04,100,car,93.75
IS-04,150,car,57.14285714285714
IS-05,50,car,155.55555555555557
IS-05,100,car,109.375
IS-05,150,car,42.85714285714285
IS-06,50,car,377.77777777777777
IS-06,100,car,140.625
IS-06,150,car,95.23809523809523
IS-01,50,protein,10.805545147995517
IS-01,100,protein,27.556872490919503
IS-01,150,protein,33.774446656517156
IS-02,50,protein,21.611090295991012
IS-02,100,protein,36.74249665455935
IS-02,150,protein,45.02869188429558
IS-03,50,protein,28.812289246908968
IS-03,100,protein,45.93767922003441
IS-03,150,protein,50.661669984775735
IS-04,50,protein,32.41663544398653
IS-04,100,protein,50.5257121009367
IS-04,150,protein,56.282937112073995
IS-05,50,protein,36.058448857249914
IS-05,100,protein,59.711336264576566
IS-05,150,protein,61.915915212554154
IS-06,50,protein,39.61783439490446
IS-06,100,protein,68.90651883005161
IS-06,150,protein,67.53718233985244
IS-01,50,sugar,5.092186128182601
IS-01,100,sugar,38.87421255842309
IS-01,150,sugar,76.46874018221806
IS-02,50,sugar,15.261925665788691
IS-02,100,sugar,53.017679333468806
IS-02,150,sugar,125.63619227144203
IS-03,50,sugar,22.900204858062615
IS-03,100,sugar,63.604958341800454
IS-03,150,sugar,131.10273327049956
IS-04,50,sugar,25.44629792215394
IS-04,100,sugar,67.14082503556187
IS-04,150,sugar,147.47093936537857
IS-05,50,sugar,27.992390986245237
IS-05,100,sugar,74.21255842308474
IS-05,150,sugar,158.40402136349357
IS-06,50,sugar,30.53848405033654
IS-06,100,sugar,77.74842511684616
IS-06,150,sugar,169.33710336160857
IS-01,50,dpph,-4.615384615384616
IS-01,100,dpph,-24.390243902439025
IS-01,150,dpph,-10.0
IS-02,50,dpph,3.076923076923077
IS-02,100,dpph,-17.073170731707318
IS-02,150,dpph,-7.142857142857142
IS-03,50,dpph,10.76923076923077
IS-03,100,dpph,-15.853658536585366
IS-03,150,dpph,5.714285714285714
IS-04,50,dpph,13.846153846153847
IS-04,100,dpph,-12.195121951219512
IS-04,150,dpph,11.428571428571429
IS-05,50,dpph,18.461538461538463
IS-05,100,dpph,-9.75609756097561
IS-05,150,dpph,14.285714285714285
IS-06,50,dpph,24.615384615384617
IS-06,100,dpph,-4.878048780487805
IS-06,150,dpph,25.71428571428571
C1-3,50,germ,-8.33333333333334
C1-3,100,germ,5.000000000000015
C1-3,150,germ,11.111111111111095
C1-5,50,germ,0.0
C1-5,100,germ,0.0
C1-5,150,germ,-5.55555555555556
C2-3,50,germ,8.33333333333334
C2-3,100,germ,15.000000000000025
C2-3,150,germ,-16.666666666666664
C2-5,50,germ,4.1666666666666785
C2-5,100,germ,10.000000000000009
C2-5,150,germ,16.666666666666664
C4-5,50,germ,16.66666666666666
C4-5,100,germ,20.000000000000018
C4-5,150,germ,27.777777777777786
C1-3,50,root,-13.30049261083743
C1-3,100,root,-16.066481994459835
C1-3,150,root,70.87378640776699
C1-5,50,root,-40.39408866995073
C1-5,100,root,-14.958448753462605
C1-5,150,root,-1.4563106796116625
C2-3,50,root,-0.7389162561576198
C2-3,100,root,-30.747922437673125
C2-3,150,root,85.92233009708737
C2-5,50,root,-31.034482758620683
C2-5,100,root,-5.817174515235457
C2-5,150,root,96.11650485436894
C4-5,50,root,33.99014778325126
C4-5,100,root,11.911357340720226
C4-5,150,root,108.7378640776699
C1-3,50,shoot,4.761904761904762
C1-3,100,shoot,6.315789473684206
C1-3,150,shoot,42.44604316546763
C1-5,50,shoot,14.285714285714285
C1-5,100,shoot,15.789473684210526
C1-5,150,shoot,66.18705035971225
C2-3,50,shoot,0.0
C2-3,100,shoot,-12.999999999999995
C2-3,150,shoot,14.388489208633093
C2-5,50,shoot,-3.33333333333333
C2-5,100,shoot,22.631578947368425
C2-5,150,shoot,51.07913669064747
C4-5,50,shoot,19.047619047619047
C4-5,100,shoot,25.789473684210517
C4-5,150,shoot,79.85611510791367
C1-3,50,svi,-6.650704974727328
C1-3,100,svi,7.879256965944304
C1-3,150,svi,62.35032024505707
C1-5,50,svi,5.426975259377515
C1-5,100,svi,10.880141530296331
C1-5,150,svi,48.7085769980507
C2-3,50,svi,8.203644586326163
C2-3,100,svi,-3.208757187085324
C2-3,150,svi,3.017961570593147
C2-5,50,svi,-3.9804469273742886
C2-5,100,svi,29.898275099513498
C2-5,150,svi,83.04093567251462
C4-5,50,svi,41.71322160148976
C4-5,100,svi,48.288367978770474
C4-5,150,svi,134.57950431634643
C1-3,50,chla,-37.0
C1-3,100,chla,-36.36363636363637
C1-3,150,chla,-37.81818181818182
C1-5,50,chla,-20.0
C1-5,100,chla,-13.636363636363647
C1-5,150,chla,-16.36363636363637
C2-3,50,chla,-9.000000000000004
C2-3,100,chla,-46.59090909090909
C2-3,150,chla,-60.54545454545455
C2-5,50,chla,63.000000000000014
C2-5,100,chla,76.13636363636363
C2-5,150,chla,129.09090909090907
C4-5,50,chla,106.0
C4-5,100,chla,101.1363636363636
C4-5,150,chla,183.63636363636363
C1-3,50,car,-72.22222222222221
C1-3,100,car,-31.250000000000007
C1-3,150,car,-52.38095238095239
C1-5,50,car,22.222222222222225
C1-5,100,car,-15.625000000000004
C1-5,150,car,-4.761904761904765
C2-3,50,car,88.88888888888891
C2-3,100,car,9.375000000000009
C2-3,150,car,28.571428571428566
C2-5,50,car,122.22222222222226
C2-5,100,car,18.749999999999993
C2-5,150,car,47.61904761904761
C4-5,50,car,216.66666666666674
C4-5,100,car,37.499999999999986
C4-5,150,car,166.66666666666669
C1-3,50,protein,36.0134881978269
C1-3,100,protein,55.12330338367424
C1-3,150,protein,50.661669984775735
C1-5,50,protein,46.819033345822426
C1-5,100,protein,73.49455171095391
C1-5,150,protein,56.282937112073995
C2-3,50,protein,50.42337954289998
C2-3,100,protein,78.09214299369144
C2-3,150,protein,61.915915212554154
C2-5,50,protein,54.02023229674035
C2-5,100,protein,82.68017587459376
C2-5,150,protein,90.05738376859117
C4-5,50,protein,61.22143124765832
C4-5,100,protein,91.87535844006882
C4-5,150,protein,112.565874224148
C1-3,50,sugar,27.992390986245237
C1-3,100,sugar,53.017679333468806
C1-3,150,sugar,92.86836317939053
C1-5,50,sugar,33.069944395668706
C1-5,100,sugar,56.533224954277586
C1-5,150,sugar,98.30348727615458
C2-3,50,sugar,38.16213052385133
C2-3,100,sugar,60.069091648039006
C2-3,150,sugar,103.77002827521207
C2-5,50,sugar,40.708223587942626
C2-5,100,sugar,63.604958341800454
C2-5,150,sugar,109.23656927426954
C4-5,50,sugar,45.80040971612525
C4-5,100,sugar,67.14082503556187
C4-5,150,sugar,120.16965127238454
C1-3,50,dpph,-16.97530864197531
C1-3,100,dpph,-55.975609756097555
C1-3,150,dpph,1.4306151645207437
C1-5,50,dpph,0.15432098765433416
C1-5,100,dpph,-20.121951219512198
C1-5,150,dpph,9.585121602288966
C2-3,50,dpph,-7.25308641975308
C2-3,100,dpph,-12.926829268292675
C2-3,150,dpph,15.879828326180249
C2-5,50,dpph,10.1851851851852
C2-5,100,dpph,-16.951219512195127
C2-5,150,dpph,18.311874105865517
C4-5,50,dpph,15.432098765432102
C4-5,100,dpph,-11.341463414634143
C4-5,150,dpph,21.030042918454917
