,F1,F2,F3,F4,F5
Q7,0.09,0.78,0.09,0.11,0.04
Q8,0.14,0.72,0.1,0.15,0.08
Q9,0.16,0.76,0.06,0.11,0.05
Q10,0.12,0.74,0.12,0.1,0.13
Q11,0.17,0.74,0.17,0.11,0.05
Q12,0.15,0.06,0.66,0.22,0.1
Q13,0.1,0.22,0.64,0.08,0.14
Q14,0.11,0.21,0.63,0.24,0.17
Q15,0.1,0.08,0.65,0.15,0.15
Q16,0.17,0.14,0.65,0.05,0.18
Q17,0.3,0.13,0.58,0.14,0.21
Q18,0.65,0.14,0.11,0.2,0.21
Q19,0.63,0.25,0.05,0.31,0.14
Q20,0.67,0.15,0.18,0.18,0.31
Q21,0.62,0.16,0.16,0.12,0.28
Q22,0.65,0.21,0.19,0.19,0.13
Q23,0.62,0.17,0.18,0.18,0.25
Q24,0.24,0.1,0.07,0.57,0.24
Q25,0.25,0.08,0.18,0.51,0.23
Q26,0.25,0.16,0.17,0.63,0.14
Q27,0.17,0.07,0.13,0.72,0.19
Q28,0.14,0.21,0.09,0.7,0.18
Q29,0.14,0.17,0.18,0.74,0.07
Q30,0.19,0.0,0.03,0.14,0.72
Q31,0.19,-0.02,0.12,0.15,0.72
Q32,0.14,0.21,0.08,0.12,0.7
Q33,0.1,0.13,0.18,0.15,0.7
Q34,0.17,0.06,0.06,0.18,0.74
Q35,0.18,0.07,0.32,0.05,0.73
