item,mean,sd,pct_agree,pct_neutral,pct_disagree,skew
Q7,3.67,1.05,56.67,29.67,13.67,-0.34
Q8,3.77,0.98,60.0,32.0,8.0,-0.42
Q9,3.68,1.07,59.0,25.33,15.67,-0.4
Q10,3.7,1.01,56.67,32.0,11.33,-0.31
Q11,3.67,1.07,59.0,26.0,15.0,-0.45
Q12,3.89,0.96,68.33,21.33,10.33,-0.48
Q13,3.92,0.92,68.33,25.33,6.33,-0.49
Q14,3.92,0.95,68.33,24.0,7.67,-0.53
Q15,3.92,0.94,69.33,24.33,6.33,-0.67
Q16,3.94,0.95,68.0,24.33,7.67,-0.49
Q17,3.93,0.95,69.67,22.33,8.0,-0.62
Q18,3.7,1.0,62.33,23.67,14.0,-0.45
Q19,3.79,0.94,61.67,30.67,7.67,-0.35
Q20,3.77,1.03,58.0,32.33,9.67,-0.38
Q21,3.72,1.01,59.0,28.33,12.67,-0.29
Q22,3.77,0.96,63.67,25.67,10.67,-0.44
Q23,3.81,1.0,65.67,22.0,12.33,-0.48
Q24,3.69,0.93,59.0,31.33,9.67,-0.3
Q25,3.66,0.96,60.0,27.0,13.0,-0.36
Q26,3.58,1.03,51.67,34.0,14.33,-0.21
Q27,3.51,1.0,52.33,33.0,14.67,-0.34
Q28,3.62,0.99,51.67,37.0,11.33,-0.14
Q29,3.7,1.02,58.67,29.67,11.67,-0.4
Q30,3.41,1.09,47.33,34.0,18.67,-0.29
Q31,3.39,1.06,49.33,30.0,20.67,-0.3
Q32,3.47,1.08,50.67,31.33,18.0,-0.34
Q33,3.44,1.02,46.0,34.33,19.67,0.02
Q34,3.37,1.07,43.67,35.33,21.0,-0.07
Q35,3.4,1.04,46.67,34.33,19.0,-0.2
